image_url,prompt,model ,image_ID
https://ikrsek.github.io/Qualtrics_ImageFiltersStudy_Repo26/samples_ml_mdm/00000.png,https://ikrsek.github.io/Qualtrics_ImageFiltersStudy_Repo26/samples_ml_mdm/00000.txt,A,0A
https://ikrsek.github.io/Qualtrics_ImageFiltersStudy_Repo26/samples_ml_mdm/00001.png,https://ikrsek.github.io/Qualtrics_ImageFiltersStudy_Repo26/samples_ml_mdm/00001.txt,A,1A
https://ikrsek.github.io/Qualtrics_ImageFiltersStudy_Repo26/samples_ml_mdm/00002.png,https://ikrsek.github.io/Qualtrics_ImageFiltersStudy_Repo26/samples_ml_mdm/00002.txt,A,2A
https://ikrsek.github.io/Qualtrics_ImageFiltersStudy_Repo26/samples_ml_mdm/00003.png,https://ikrsek.github.io/Qualtrics_ImageFiltersStudy_Repo26/samples_ml_mdm/00003.txt,A,3A
https://ikrsek.github.io/Qualtrics_ImageFiltersStudy_Repo26/samples_ml_mdm/00004.png,https://ikrsek.github.io/Qualtrics_ImageFiltersStudy_Repo26/samples_ml_mdm/00004.txt,A,4A
https://ikrsek.github.io/Qualtrics_ImageFiltersStudy_Repo26/samples_ml_mdm/00005.png,https://ikrsek.github.io/Qualtrics_ImageFiltersStudy_Repo26/samples_ml_mdm/00005.txt,A,5A
https://ikrsek.github.io/Qualtrics_ImageFiltersStudy_Repo26/samples_ml_mdm/00006.png,https://ikrsek.github.io/Qualtrics_ImageFiltersStudy_Repo26/samples_ml_mdm/00006.txt,A,6A
https://ikrsek.github.io/Qualtrics_ImageFiltersStudy_Repo26/samples_ml_mdm/00007.png,https://ikrsek.github.io/Qualtrics_ImageFiltersStudy_Repo26/samples_ml_mdm/00007.txt,A,7A
https://ikrsek.github.io/Qualtrics_ImageFiltersStudy_Repo26/samples_ml_mdm/00008.png,https://ikrsek.github.io/Qualtrics_ImageFiltersStudy_Repo26/samples_ml_mdm/00008.txt,A,8A
https://ikrsek.github.io/Qualtrics_ImageFiltersStudy_Repo26/samples_ml_mdm/00009.png,https://ikrsek.github.io/Qualtrics_ImageFiltersStudy_Repo26/samples_ml_mdm/00009.txt,A,9A
https://ikrsek.github.io/Qualtrics_ImageFiltersStudy_Repo26/samples_ml_mdm/00010.png,https://ikrsek.github.io/Qualtrics_ImageFiltersStudy_Repo26/samples_ml_mdm/00010.txt,A,10A
https://ikrsek.github.io/Qualtrics_ImageFiltersStudy_Repo26/samples_ml_mdm/00011.png,https://ikrsek.github.io/Qualtrics_ImageFiltersStudy_Repo26/samples_ml_mdm/00011.txt,A,11A
https://ikrsek.github.io/Qualtrics_ImageFiltersStudy_Repo26/samples_ml_mdm/00012.png,https://ikrsek.github.io/Qualtrics_ImageFiltersStudy_Repo26/samples_ml_mdm/00012.txt,A,12A
https://ikrsek.github.io/Qualtrics_ImageFiltersStudy_Repo26/samples_ml_mdm/00013.png,https://ikrsek.github.io/Qualtrics_ImageFiltersStudy_Repo26/samples_ml_mdm/00013.txt,A,13A
https://ikrsek.github.io/Qualtrics_ImageFiltersStudy_Repo26/samples_ml_mdm/00014.png,https://ikrsek.github.io/Qualtrics_ImageFiltersStudy_Repo26/samples_ml_mdm/00014.txt,A,14A
https://ikrsek.github.io/Qualtrics_ImageFiltersStudy_Repo26/samples_ml_mdm/00015.png,https://ikrsek.github.io/Qualtrics_ImageFiltersStudy_Repo26/samples_ml_mdm/00015.txt,A,15A
https://ikrsek.github.io/Qualtrics_ImageFiltersStudy_Repo26/samples_ml_mdm/00016.png,https://ikrsek.github.io/Qualtrics_ImageFiltersStudy_Repo26/samples_ml_mdm/00016.txt,A,16A
https://ikrsek.github.io/Qualtrics_ImageFiltersStudy_Repo26/samples_ml_mdm/00017.png,https://ikrsek.github.io/Qualtrics_ImageFiltersStudy_Repo26/samples_ml_mdm/00017.txt,A,17A
https://ikrsek.github.io/Qualtrics_ImageFiltersStudy_Repo26/samples_ml_mdm/00018.png,https://ikrsek.github.io/Qualtrics_ImageFiltersStudy_Repo26/samples_ml_mdm/00018.txt,A,18A
https://ikrsek.github.io/Qualtrics_ImageFiltersStudy_Repo26/samples_ml_mdm/00019.png,https://ikrsek.github.io/Qualtrics_ImageFiltersStudy_Repo26/samples_ml_mdm/00019.txt,A,19A
https://ikrsek.github.io/Qualtrics_ImageFiltersStudy_Repo26/samples_ml_mdm/00020.png,https://ikrsek.github.io/Qualtrics_ImageFiltersStudy_Repo26/samples_ml_mdm/00020.txt,A,20A
https://ikrsek.github.io/Qualtrics_ImageFiltersStudy_Repo26/samples_ml_mdm/00021.png,https://ikrsek.github.io/Qualtrics_ImageFiltersStudy_Repo26/samples_ml_mdm/00021.txt,A,21A
https://ikrsek.github.io/Qualtrics_ImageFiltersStudy_Repo26/samples_ml_mdm/00022.png,https://ikrsek.github.io/Qualtrics_ImageFiltersStudy_Repo26/samples_ml_mdm/00022.txt,A,22A
https://ikrsek.github.io/Qualtrics_ImageFiltersStudy_Repo26/samples_ml_mdm/00023.png,https://ikrsek.github.io/Qualtrics_ImageFiltersStudy_Repo26/samples_ml_mdm/00023.txt,A,23A
https://ikrsek.github.io/Qualtrics_ImageFiltersStudy_Repo26/samples_ml_mdm/00024.png,https://ikrsek.github.io/Qualtrics_ImageFiltersStudy_Repo26/samples_ml_mdm/00024.txt,A,24A
https://ikrsek.github.io/Qualtrics_ImageFiltersStudy_Repo26/samples_ml_mdm/00025.png,https://ikrsek.github.io/Qualtrics_ImageFiltersStudy_Repo26/samples_ml_mdm/00025.txt,A,25A
https://ikrsek.github.io/Qualtrics_ImageFiltersStudy_Repo26/samples_ml_mdm/00026.png,https://ikrsek.github.io/Qualtrics_ImageFiltersStudy_Repo26/samples_ml_mdm/00026.txt,A,26A
https://ikrsek.github.io/Qualtrics_ImageFiltersStudy_Repo26/samples_ml_mdm/00027.png,https://ikrsek.github.io/Qualtrics_ImageFiltersStudy_Repo26/samples_ml_mdm/00027.txt,A,27A
https://ikrsek.github.io/Qualtrics_ImageFiltersStudy_Repo26/samples_ml_mdm/00028.png,https://ikrsek.github.io/Qualtrics_ImageFiltersStudy_Repo26/samples_ml_mdm/00028.txt,A,28A
https://ikrsek.github.io/Qualtrics_ImageFiltersStudy_Repo26/samples_ml_mdm/00029.png,https://ikrsek.github.io/Qualtrics_ImageFiltersStudy_Repo26/samples_ml_mdm/00029.txt,A,29A
https://ikrsek.github.io/Qualtrics_ImageFiltersStudy_Repo26/samples_ml_mdm/00030.png,https://ikrsek.github.io/Qualtrics_ImageFiltersStudy_Repo26/samples_ml_mdm/00030.txt,A,30A
https://ikrsek.github.io/Qualtrics_ImageFiltersStudy_Repo26/samples_ml_mdm/00031.png,https://ikrsek.github.io/Qualtrics_ImageFiltersStudy_Repo26/samples_ml_mdm/00031.txt,A,31A
https://ikrsek.github.io/Qualtrics_ImageFiltersStudy_Repo26/samples_ml_mdm/00032.png,https://ikrsek.github.io/Qualtrics_ImageFiltersStudy_Repo26/samples_ml_mdm/00032.txt,A,32A
https://ikrsek.github.io/Qualtrics_ImageFiltersStudy_Repo26/samples_ml_mdm/00033.png,https://ikrsek.github.io/Qualtrics_ImageFiltersStudy_Repo26/samples_ml_mdm/00033.txt,A,33A
https://ikrsek.github.io/Qualtrics_ImageFiltersStudy_Repo26/samples_ml_mdm/00034.png,https://ikrsek.github.io/Qualtrics_ImageFiltersStudy_Repo26/samples_ml_mdm/00034.txt,A,34A
https://ikrsek.github.io/Qualtrics_ImageFiltersStudy_Repo26/samples_ml_mdm/00035.png,https://ikrsek.github.io/Qualtrics_ImageFiltersStudy_Repo26/samples_ml_mdm/00035.txt,A,35A
https://ikrsek.github.io/Qualtrics_ImageFiltersStudy_Repo26/samples_ml_mdm/00036.png,https://ikrsek.github.io/Qualtrics_ImageFiltersStudy_Repo26/samples_ml_mdm/00036.txt,A,36A
https://ikrsek.github.io/Qualtrics_ImageFiltersStudy_Repo26/samples_ml_mdm/00037.png,https://ikrsek.github.io/Qualtrics_ImageFiltersStudy_Repo26/samples_ml_mdm/00037.txt,A,37A
https://ikrsek.github.io/Qualtrics_ImageFiltersStudy_Repo26/samples_ml_mdm/00038.png,https://ikrsek.github.io/Qualtrics_ImageFiltersStudy_Repo26/samples_ml_mdm/00038.txt,A,38A
https://ikrsek.github.io/Qualtrics_ImageFiltersStudy_Repo26/samples_ml_mdm/00039.png,https://ikrsek.github.io/Qualtrics_ImageFiltersStudy_Repo26/samples_ml_mdm/00039.txt,A,39A
https://ikrsek.github.io/Qualtrics_ImageFiltersStudy_Repo26/samples_ml_mdm/00040.png,https://ikrsek.github.io/Qualtrics_ImageFiltersStudy_Repo26/samples_ml_mdm/00040.txt,A,40A
https://ikrsek.github.io/Qualtrics_ImageFiltersStudy_Repo26/samples_ml_mdm/00041.png,https://ikrsek.github.io/Qualtrics_ImageFiltersStudy_Repo26/samples_ml_mdm/00041.txt,A,41A
https://ikrsek.github.io/Qualtrics_ImageFiltersStudy_Repo26/samples_ml_mdm/00042.png,https://ikrsek.github.io/Qualtrics_ImageFiltersStudy_Repo26/samples_ml_mdm/00042.txt,A,42A
https://ikrsek.github.io/Qualtrics_ImageFiltersStudy_Repo26/samples_ml_mdm/00043.png,https://ikrsek.github.io/Qualtrics_ImageFiltersStudy_Repo26/samples_ml_mdm/00043.txt,A,43A
https://ikrsek.github.io/Qualtrics_ImageFiltersStudy_Repo26/samples_ml_mdm/00044.png,https://ikrsek.github.io/Qualtrics_ImageFiltersStudy_Repo26/samples_ml_mdm/00044.txt,A,44A
https://ikrsek.github.io/Qualtrics_ImageFiltersStudy_Repo26/samples_ml_mdm/00045.png,https://ikrsek.github.io/Qualtrics_ImageFiltersStudy_Repo26/samples_ml_mdm/00045.txt,A,45A
https://ikrsek.github.io/Qualtrics_ImageFiltersStudy_Repo26/samples_ml_mdm/00046.png,https://ikrsek.github.io/Qualtrics_ImageFiltersStudy_Repo26/samples_ml_mdm/00046.txt,A,46A
https://ikrsek.github.io/Qualtrics_ImageFiltersStudy_Repo26/samples_ml_mdm/00047.png,https://ikrsek.github.io/Qualtrics_ImageFiltersStudy_Repo26/samples_ml_mdm/00047.txt,A,47A
https://ikrsek.github.io/Qualtrics_ImageFiltersStudy_Repo26/samples_ml_mdm/00048.png,https://ikrsek.github.io/Qualtrics_ImageFiltersStudy_Repo26/samples_ml_mdm/00048.txt,A,48A
https://ikrsek.github.io/Qualtrics_ImageFiltersStudy_Repo26/samples_ml_mdm/00049.png,https://ikrsek.github.io/Qualtrics_ImageFiltersStudy_Repo26/samples_ml_mdm/00049.txt,A,49A
https://ikrsek.github.io/Qualtrics_ImageFiltersStudy_Repo26/samples_ml_mdm/00050.png,https://ikrsek.github.io/Qualtrics_ImageFiltersStudy_Repo26/samples_ml_mdm/00050.txt,A,50A
https://ikrsek.github.io/Qualtrics_ImageFiltersStudy_Repo26/samples_ml_mdm/00051.png,https://ikrsek.github.io/Qualtrics_ImageFiltersStudy_Repo26/samples_ml_mdm/00051.txt,A,51A
https://ikrsek.github.io/Qualtrics_ImageFiltersStudy_Repo26/samples_ml_mdm/00052.png,https://ikrsek.github.io/Qualtrics_ImageFiltersStudy_Repo26/samples_ml_mdm/00052.txt,A,52A
https://ikrsek.github.io/Qualtrics_ImageFiltersStudy_Repo26/samples_ml_mdm/00053.png,https://ikrsek.github.io/Qualtrics_ImageFiltersStudy_Repo26/samples_ml_mdm/00053.txt,A,53A
https://ikrsek.github.io/Qualtrics_ImageFiltersStudy_Repo26/samples_ml_mdm/00054.png,https://ikrsek.github.io/Qualtrics_ImageFiltersStudy_Repo26/samples_ml_mdm/00054.txt,A,54A
https://ikrsek.github.io/Qualtrics_ImageFiltersStudy_Repo26/samples_ml_mdm/00055.png,https://ikrsek.github.io/Qualtrics_ImageFiltersStudy_Repo26/samples_ml_mdm/00055.txt,A,55A
https://ikrsek.github.io/Qualtrics_ImageFiltersStudy_Repo26/samples_ml_mdm/00056.png,https://ikrsek.github.io/Qualtrics_ImageFiltersStudy_Repo26/samples_ml_mdm/00056.txt,A,56A
https://ikrsek.github.io/Qualtrics_ImageFiltersStudy_Repo26/samples_ml_mdm/00057.png,https://ikrsek.github.io/Qualtrics_ImageFiltersStudy_Repo26/samples_ml_mdm/00057.txt,A,57A
https://ikrsek.github.io/Qualtrics_ImageFiltersStudy_Repo26/samples_ml_mdm/00058.png,https://ikrsek.github.io/Qualtrics_ImageFiltersStudy_Repo26/samples_ml_mdm/00058.txt,A,58A
https://ikrsek.github.io/Qualtrics_ImageFiltersStudy_Repo26/samples_ml_mdm/00059.png,https://ikrsek.github.io/Qualtrics_ImageFiltersStudy_Repo26/samples_ml_mdm/00059.txt,A,59A
https://ikrsek.github.io/Qualtrics_ImageFiltersStudy_Repo26/samples_ml_mdm/00060.png,https://ikrsek.github.io/Qualtrics_ImageFiltersStudy_Repo26/samples_ml_mdm/00060.txt,A,60A
https://ikrsek.github.io/Qualtrics_ImageFiltersStudy_Repo26/samples_ml_mdm/00061.png,https://ikrsek.github.io/Qualtrics_ImageFiltersStudy_Repo26/samples_ml_mdm/00061.txt,A,61A
https://ikrsek.github.io/Qualtrics_ImageFiltersStudy_Repo26/samples_ml_mdm/00062.png,https://ikrsek.github.io/Qualtrics_ImageFiltersStudy_Repo26/samples_ml_mdm/00062.txt,A,62A
https://ikrsek.github.io/Qualtrics_ImageFiltersStudy_Repo26/samples_ml_mdm/00063.png,https://ikrsek.github.io/Qualtrics_ImageFiltersStudy_Repo26/samples_ml_mdm/00063.txt,A,63A
https://ikrsek.github.io/Qualtrics_ImageFiltersStudy_Repo26/samples_ml_mdm/00064.png,https://ikrsek.github.io/Qualtrics_ImageFiltersStudy_Repo26/samples_ml_mdm/00064.txt,A,64A
https://ikrsek.github.io/Qualtrics_ImageFiltersStudy_Repo26/samples_ml_mdm/00065.png,https://ikrsek.github.io/Qualtrics_ImageFiltersStudy_Repo26/samples_ml_mdm/00065.txt,A,65A
https://ikrsek.github.io/Qualtrics_ImageFiltersStudy_Repo26/samples_ml_mdm/00066.png,https://ikrsek.github.io/Qualtrics_ImageFiltersStudy_Repo26/samples_ml_mdm/00066.txt,A,66A
https://ikrsek.github.io/Qualtrics_ImageFiltersStudy_Repo26/samples_ml_mdm/00067.png,https://ikrsek.github.io/Qualtrics_ImageFiltersStudy_Repo26/samples_ml_mdm/00067.txt,A,67A
https://ikrsek.github.io/Qualtrics_ImageFiltersStudy_Repo26/samples_ml_mdm/00068.png,https://ikrsek.github.io/Qualtrics_ImageFiltersStudy_Repo26/samples_ml_mdm/00068.txt,A,68A
https://ikrsek.github.io/Qualtrics_ImageFiltersStudy_Repo26/samples_ml_mdm/00069.png,https://ikrsek.github.io/Qualtrics_ImageFiltersStudy_Repo26/samples_ml_mdm/00069.txt,A,69A
https://ikrsek.github.io/Qualtrics_ImageFiltersStudy_Repo26/samples_ml_mdm/00070.png,https://ikrsek.github.io/Qualtrics_ImageFiltersStudy_Repo26/samples_ml_mdm/00070.txt,A,70A
https://ikrsek.github.io/Qualtrics_ImageFiltersStudy_Repo26/samples_ml_mdm/00071.png,https://ikrsek.github.io/Qualtrics_ImageFiltersStudy_Repo26/samples_ml_mdm/00071.txt,A,71A
https://ikrsek.github.io/Qualtrics_ImageFiltersStudy_Repo26/samples_ml_mdm/00072.png,https://ikrsek.github.io/Qualtrics_ImageFiltersStudy_Repo26/samples_ml_mdm/00072.txt,A,72A
https://ikrsek.github.io/Qualtrics_ImageFiltersStudy_Repo26/samples_ml_mdm/00073.png,https://ikrsek.github.io/Qualtrics_ImageFiltersStudy_Repo26/samples_ml_mdm/00073.txt,A,73A
https://ikrsek.github.io/Qualtrics_ImageFiltersStudy_Repo26/samples_ml_mdm/00074.png,https://ikrsek.github.io/Qualtrics_ImageFiltersStudy_Repo26/samples_ml_mdm/00074.txt,A,74A
https://ikrsek.github.io/Qualtrics_ImageFiltersStudy_Repo26/samples_ml_mdm/00075.png,https://ikrsek.github.io/Qualtrics_ImageFiltersStudy_Repo26/samples_ml_mdm/00075.txt,A,75A
https://ikrsek.github.io/Qualtrics_ImageFiltersStudy_Repo26/samples_ml_mdm/00076.png,https://ikrsek.github.io/Qualtrics_ImageFiltersStudy_Repo26/samples_ml_mdm/00076.txt,A,76A
https://ikrsek.github.io/Qualtrics_ImageFiltersStudy_Repo26/samples_ml_mdm/00077.png,https://ikrsek.github.io/Qualtrics_ImageFiltersStudy_Repo26/samples_ml_mdm/00077.txt,A,77A
https://ikrsek.github.io/Qualtrics_ImageFiltersStudy_Repo26/samples_ml_mdm/00078.png,https://ikrsek.github.io/Qualtrics_ImageFiltersStudy_Repo26/samples_ml_mdm/00078.txt,A,78A
https://ikrsek.github.io/Qualtrics_ImageFiltersStudy_Repo26/samples_ml_mdm/00079.png,https://ikrsek.github.io/Qualtrics_ImageFiltersStudy_Repo26/samples_ml_mdm/00079.txt,A,79A
https://ikrsek.github.io/Qualtrics_ImageFiltersStudy_Repo26/samples_ml_mdm/00080.png,https://ikrsek.github.io/Qualtrics_ImageFiltersStudy_Repo26/samples_ml_mdm/00080.txt,A,80A
https://ikrsek.github.io/Qualtrics_ImageFiltersStudy_Repo26/samples_ml_mdm/00081.png,https://ikrsek.github.io/Qualtrics_ImageFiltersStudy_Repo26/samples_ml_mdm/00081.txt,A,81A
https://ikrsek.github.io/Qualtrics_ImageFiltersStudy_Repo26/samples_ml_mdm/00082.png,https://ikrsek.github.io/Qualtrics_ImageFiltersStudy_Repo26/samples_ml_mdm/00082.txt,A,82A
https://ikrsek.github.io/Qualtrics_ImageFiltersStudy_Repo26/samples_ml_mdm/00083.png,https://ikrsek.github.io/Qualtrics_ImageFiltersStudy_Repo26/samples_ml_mdm/00083.txt,A,83A
https://ikrsek.github.io/Qualtrics_ImageFiltersStudy_Repo26/samples_ml_mdm/00084.png,https://ikrsek.github.io/Qualtrics_ImageFiltersStudy_Repo26/samples_ml_mdm/00084.txt,A,84A
https://ikrsek.github.io/Qualtrics_ImageFiltersStudy_Repo26/samples_ml_mdm/00085.png,https://ikrsek.github.io/Qualtrics_ImageFiltersStudy_Repo26/samples_ml_mdm/00085.txt,A,85A
https://ikrsek.github.io/Qualtrics_ImageFiltersStudy_Repo26/samples_ml_mdm/00086.png,https://ikrsek.github.io/Qualtrics_ImageFiltersStudy_Repo26/samples_ml_mdm/00086.txt,A,86A
https://ikrsek.github.io/Qualtrics_ImageFiltersStudy_Repo26/samples_ml_mdm/00087.png,https://ikrsek.github.io/Qualtrics_ImageFiltersStudy_Repo26/samples_ml_mdm/00087.txt,A,87A
https://ikrsek.github.io/Qualtrics_ImageFiltersStudy_Repo26/samples_ml_mdm/00088.png,https://ikrsek.github.io/Qualtrics_ImageFiltersStudy_Repo26/samples_ml_mdm/00088.txt,A,88A
https://ikrsek.github.io/Qualtrics_ImageFiltersStudy_Repo26/samples_ml_mdm/00089.png,https://ikrsek.github.io/Qualtrics_ImageFiltersStudy_Repo26/samples_ml_mdm/00089.txt,A,89A
https://ikrsek.github.io/Qualtrics_ImageFiltersStudy_Repo26/samples_ml_mdm/00090.png,https://ikrsek.github.io/Qualtrics_ImageFiltersStudy_Repo26/samples_ml_mdm/00090.txt,A,90A
https://ikrsek.github.io/Qualtrics_ImageFiltersStudy_Repo26/samples_ml_mdm/00091.png,https://ikrsek.github.io/Qualtrics_ImageFiltersStudy_Repo26/samples_ml_mdm/00091.txt,A,91A
https://ikrsek.github.io/Qualtrics_ImageFiltersStudy_Repo26/samples_ml_mdm/00092.png,https://ikrsek.github.io/Qualtrics_ImageFiltersStudy_Repo26/samples_ml_mdm/00092.txt,A,92A
https://ikrsek.github.io/Qualtrics_ImageFiltersStudy_Repo26/samples_ml_mdm/00093.png,https://ikrsek.github.io/Qualtrics_ImageFiltersStudy_Repo26/samples_ml_mdm/00093.txt,A,93A
https://ikrsek.github.io/Qualtrics_ImageFiltersStudy_Repo26/samples_ml_mdm/00094.png,https://ikrsek.github.io/Qualtrics_ImageFiltersStudy_Repo26/samples_ml_mdm/00094.txt,A,94A
https://ikrsek.github.io/Qualtrics_ImageFiltersStudy_Repo26/samples_ml_mdm/00095.png,https://ikrsek.github.io/Qualtrics_ImageFiltersStudy_Repo26/samples_ml_mdm/00095.txt,A,95A
https://ikrsek.github.io/Qualtrics_ImageFiltersStudy_Repo26/samples_ml_mdm/00096.png,https://ikrsek.github.io/Qualtrics_ImageFiltersStudy_Repo26/samples_ml_mdm/00096.txt,A,96A
https://ikrsek.github.io/Qualtrics_ImageFiltersStudy_Repo26/samples_ml_mdm/00097.png,https://ikrsek.github.io/Qualtrics_ImageFiltersStudy_Repo26/samples_ml_mdm/00097.txt,A,97A
https://ikrsek.github.io/Qualtrics_ImageFiltersStudy_Repo26/samples_ml_mdm/00098.png,https://ikrsek.github.io/Qualtrics_ImageFiltersStudy_Repo26/samples_ml_mdm/00098.txt,A,98A
https://ikrsek.github.io/Qualtrics_ImageFiltersStudy_Repo26/samples_ml_mdm/00099.png,https://ikrsek.github.io/Qualtrics_ImageFiltersStudy_Repo26/samples_ml_mdm/00099.txt,A,99A
https://ikrsek.github.io/Qualtrics_ImageFiltersStudy_Repo26/samples_ml_mdm/00100.png,https://ikrsek.github.io/Qualtrics_ImageFiltersStudy_Repo26/samples_ml_mdm/00100.txt,A,100A
https://ikrsek.github.io/Qualtrics_ImageFiltersStudy_Repo26/samples_ml_mdm/00101.png,https://ikrsek.github.io/Qualtrics_ImageFiltersStudy_Repo26/samples_ml_mdm/00101.txt,A,101A
https://ikrsek.github.io/Qualtrics_ImageFiltersStudy_Repo26/samples_ml_mdm/00102.png,https://ikrsek.github.io/Qualtrics_ImageFiltersStudy_Repo26/samples_ml_mdm/00102.txt,A,102A
https://ikrsek.github.io/Qualtrics_ImageFiltersStudy_Repo26/samples_ml_mdm/00103.png,https://ikrsek.github.io/Qualtrics_ImageFiltersStudy_Repo26/samples_ml_mdm/00103.txt,A,103A
https://ikrsek.github.io/Qualtrics_ImageFiltersStudy_Repo26/samples_ml_mdm/00104.png,https://ikrsek.github.io/Qualtrics_ImageFiltersStudy_Repo26/samples_ml_mdm/00104.txt,A,104A
https://ikrsek.github.io/Qualtrics_ImageFiltersStudy_Repo26/samples_ml_mdm/00105.png,https://ikrsek.github.io/Qualtrics_ImageFiltersStudy_Repo26/samples_ml_mdm/00105.txt,A,105A
https://ikrsek.github.io/Qualtrics_ImageFiltersStudy_Repo26/samples_ml_mdm/00106.png,https://ikrsek.github.io/Qualtrics_ImageFiltersStudy_Repo26/samples_ml_mdm/00106.txt,A,106A
https://ikrsek.github.io/Qualtrics_ImageFiltersStudy_Repo26/samples_ml_mdm/00107.png,https://ikrsek.github.io/Qualtrics_ImageFiltersStudy_Repo26/samples_ml_mdm/00107.txt,A,107A
https://ikrsek.github.io/Qualtrics_ImageFiltersStudy_Repo26/samples_ml_mdm/00108.png,https://ikrsek.github.io/Qualtrics_ImageFiltersStudy_Repo26/samples_ml_mdm/00108.txt,A,108A
https://ikrsek.github.io/Qualtrics_ImageFiltersStudy_Repo26/samples_ml_mdm/00109.png,https://ikrsek.github.io/Qualtrics_ImageFiltersStudy_Repo26/samples_ml_mdm/00109.txt,A,109A
https://ikrsek.github.io/Qualtrics_ImageFiltersStudy_Repo26/samples_ml_mdm/00110.png,https://ikrsek.github.io/Qualtrics_ImageFiltersStudy_Repo26/samples_ml_mdm/00110.txt,A,110A
https://ikrsek.github.io/Qualtrics_ImageFiltersStudy_Repo26/samples_ml_mdm/00111.png,https://ikrsek.github.io/Qualtrics_ImageFiltersStudy_Repo26/samples_ml_mdm/00111.txt,A,111A
https://ikrsek.github.io/Qualtrics_ImageFiltersStudy_Repo26/samples_ml_mdm/00112.png,https://ikrsek.github.io/Qualtrics_ImageFiltersStudy_Repo26/samples_ml_mdm/00112.txt,A,112A
https://ikrsek.github.io/Qualtrics_ImageFiltersStudy_Repo26/samples_ml_mdm/00113.png,https://ikrsek.github.io/Qualtrics_ImageFiltersStudy_Repo26/samples_ml_mdm/00113.txt,A,113A
https://ikrsek.github.io/Qualtrics_ImageFiltersStudy_Repo26/samples_ml_mdm/00114.png,https://ikrsek.github.io/Qualtrics_ImageFiltersStudy_Repo26/samples_ml_mdm/00114.txt,A,114A
https://ikrsek.github.io/Qualtrics_ImageFiltersStudy_Repo26/samples_ml_mdm/00115.png,https://ikrsek.github.io/Qualtrics_ImageFiltersStudy_Repo26/samples_ml_mdm/00115.txt,A,115A
https://ikrsek.github.io/Qualtrics_ImageFiltersStudy_Repo26/samples_ml_mdm/00116.png,https://ikrsek.github.io/Qualtrics_ImageFiltersStudy_Repo26/samples_ml_mdm/00116.txt,A,116A
https://ikrsek.github.io/Qualtrics_ImageFiltersStudy_Repo26/samples_ml_mdm/00117.png,https://ikrsek.github.io/Qualtrics_ImageFiltersStudy_Repo26/samples_ml_mdm/00117.txt,A,117A
https://ikrsek.github.io/Qualtrics_ImageFiltersStudy_Repo26/samples_ml_mdm/00118.png,https://ikrsek.github.io/Qualtrics_ImageFiltersStudy_Repo26/samples_ml_mdm/00118.txt,A,118A
https://ikrsek.github.io/Qualtrics_ImageFiltersStudy_Repo26/samples_ml_mdm/00119.png,https://ikrsek.github.io/Qualtrics_ImageFiltersStudy_Repo26/samples_ml_mdm/00119.txt,A,119A
https://ikrsek.github.io/Qualtrics_ImageFiltersStudy_Repo26/samples_ml_mdm/00120.png,https://ikrsek.github.io/Qualtrics_ImageFiltersStudy_Repo26/samples_ml_mdm/00120.txt,A,120A
https://ikrsek.github.io/Qualtrics_ImageFiltersStudy_Repo26/samples_ml_mdm/00121.png,https://ikrsek.github.io/Qualtrics_ImageFiltersStudy_Repo26/samples_ml_mdm/00121.txt,A,121A
https://ikrsek.github.io/Qualtrics_ImageFiltersStudy_Repo26/samples_ml_mdm/00122.png,https://ikrsek.github.io/Qualtrics_ImageFiltersStudy_Repo26/samples_ml_mdm/00122.txt,A,122A
https://ikrsek.github.io/Qualtrics_ImageFiltersStudy_Repo26/samples_ml_mdm/00123.png,https://ikrsek.github.io/Qualtrics_ImageFiltersStudy_Repo26/samples_ml_mdm/00123.txt,A,123A
https://ikrsek.github.io/Qualtrics_ImageFiltersStudy_Repo26/samples_ml_mdm/00124.png,https://ikrsek.github.io/Qualtrics_ImageFiltersStudy_Repo26/samples_ml_mdm/00124.txt,A,124A
https://ikrsek.github.io/Qualtrics_ImageFiltersStudy_Repo26/samples_ml_mdm/00125.png,https://ikrsek.github.io/Qualtrics_ImageFiltersStudy_Repo26/samples_ml_mdm/00125.txt,A,125A
https://ikrsek.github.io/Qualtrics_ImageFiltersStudy_Repo26/samples_ml_mdm/00126.png,https://ikrsek.github.io/Qualtrics_ImageFiltersStudy_Repo26/samples_ml_mdm/00126.txt,A,126A
https://ikrsek.github.io/Qualtrics_ImageFiltersStudy_Repo26/samples_ml_mdm/00127.png,https://ikrsek.github.io/Qualtrics_ImageFiltersStudy_Repo26/samples_ml_mdm/00127.txt,A,127A
https://ikrsek.github.io/Qualtrics_ImageFiltersStudy_Repo26/samples_ml_mdm/00128.png,https://ikrsek.github.io/Qualtrics_ImageFiltersStudy_Repo26/samples_ml_mdm/00128.txt,A,128A
https://ikrsek.github.io/Qualtrics_ImageFiltersStudy_Repo26/samples_ml_mdm/00129.png,https://ikrsek.github.io/Qualtrics_ImageFiltersStudy_Repo26/samples_ml_mdm/00129.txt,A,129A
https://ikrsek.github.io/Qualtrics_ImageFiltersStudy_Repo26/samples_ml_mdm/00130.png,https://ikrsek.github.io/Qualtrics_ImageFiltersStudy_Repo26/samples_ml_mdm/00130.txt,A,130A
https://ikrsek.github.io/Qualtrics_ImageFiltersStudy_Repo26/samples_ml_mdm/00131.png,https://ikrsek.github.io/Qualtrics_ImageFiltersStudy_Repo26/samples_ml_mdm/00131.txt,A,131A
https://ikrsek.github.io/Qualtrics_ImageFiltersStudy_Repo26/samples_ml_mdm/00132.png,https://ikrsek.github.io/Qualtrics_ImageFiltersStudy_Repo26/samples_ml_mdm/00132.txt,A,132A
https://ikrsek.github.io/Qualtrics_ImageFiltersStudy_Repo26/samples_ml_mdm/00133.png,https://ikrsek.github.io/Qualtrics_ImageFiltersStudy_Repo26/samples_ml_mdm/00133.txt,A,133A
https://ikrsek.github.io/Qualtrics_ImageFiltersStudy_Repo26/samples_ml_mdm/00134.png,https://ikrsek.github.io/Qualtrics_ImageFiltersStudy_Repo26/samples_ml_mdm/00134.txt,A,134A
https://ikrsek.github.io/Qualtrics_ImageFiltersStudy_Repo26/samples_ml_mdm/00135.png,https://ikrsek.github.io/Qualtrics_ImageFiltersStudy_Repo26/samples_ml_mdm/00135.txt,A,135A
https://ikrsek.github.io/Qualtrics_ImageFiltersStudy_Repo26/samples_ml_mdm/00136.png,https://ikrsek.github.io/Qualtrics_ImageFiltersStudy_Repo26/samples_ml_mdm/00136.txt,A,136A
https://ikrsek.github.io/Qualtrics_ImageFiltersStudy_Repo26/samples_ml_mdm/00137.png,https://ikrsek.github.io/Qualtrics_ImageFiltersStudy_Repo26/samples_ml_mdm/00137.txt,A,137A
https://ikrsek.github.io/Qualtrics_ImageFiltersStudy_Repo26/samples_ml_mdm/00138.png,https://ikrsek.github.io/Qualtrics_ImageFiltersStudy_Repo26/samples_ml_mdm/00138.txt,A,138A
https://ikrsek.github.io/Qualtrics_ImageFiltersStudy_Repo26/samples_ml_mdm/00139.png,https://ikrsek.github.io/Qualtrics_ImageFiltersStudy_Repo26/samples_ml_mdm/00139.txt,A,139A
https://ikrsek.github.io/Qualtrics_ImageFiltersStudy_Repo26/samples_ml_mdm/00140.png,https://ikrsek.github.io/Qualtrics_ImageFiltersStudy_Repo26/samples_ml_mdm/00140.txt,A,140A
https://ikrsek.github.io/Qualtrics_ImageFiltersStudy_Repo26/samples_ml_mdm/00141.png,https://ikrsek.github.io/Qualtrics_ImageFiltersStudy_Repo26/samples_ml_mdm/00141.txt,A,141A
https://ikrsek.github.io/Qualtrics_ImageFiltersStudy_Repo26/samples_ml_mdm/00142.png,https://ikrsek.github.io/Qualtrics_ImageFiltersStudy_Repo26/samples_ml_mdm/00142.txt,A,142A
https://ikrsek.github.io/Qualtrics_ImageFiltersStudy_Repo26/samples_ml_mdm/00143.png,https://ikrsek.github.io/Qualtrics_ImageFiltersStudy_Repo26/samples_ml_mdm/00143.txt,A,143A
https://ikrsek.github.io/Qualtrics_ImageFiltersStudy_Repo26/samples_ml_mdm/00144.png,https://ikrsek.github.io/Qualtrics_ImageFiltersStudy_Repo26/samples_ml_mdm/00144.txt,A,144A
https://ikrsek.github.io/Qualtrics_ImageFiltersStudy_Repo26/samples_ml_mdm/00145.png,https://ikrsek.github.io/Qualtrics_ImageFiltersStudy_Repo26/samples_ml_mdm/00145.txt,A,145A
https://ikrsek.github.io/Qualtrics_ImageFiltersStudy_Repo26/samples_ml_mdm/00146.png,https://ikrsek.github.io/Qualtrics_ImageFiltersStudy_Repo26/samples_ml_mdm/00146.txt,A,146A
https://ikrsek.github.io/Qualtrics_ImageFiltersStudy_Repo26/samples_ml_mdm/00147.png,https://ikrsek.github.io/Qualtrics_ImageFiltersStudy_Repo26/samples_ml_mdm/00147.txt,A,147A
https://ikrsek.github.io/Qualtrics_ImageFiltersStudy_Repo26/samples_ml_mdm/00148.png,https://ikrsek.github.io/Qualtrics_ImageFiltersStudy_Repo26/samples_ml_mdm/00148.txt,A,148A
https://ikrsek.github.io/Qualtrics_ImageFiltersStudy_Repo26/samples_ml_mdm/00149.png,https://ikrsek.github.io/Qualtrics_ImageFiltersStudy_Repo26/samples_ml_mdm/00149.txt,A,149A
https://ikrsek.github.io/Qualtrics_ImageFiltersStudy_Repo26/samples_ml_mdm/00150.png,https://ikrsek.github.io/Qualtrics_ImageFiltersStudy_Repo26/samples_ml_mdm/00150.txt,A,150A
https://ikrsek.github.io/Qualtrics_ImageFiltersStudy_Repo26/samples_ml_mdm/00151.png,https://ikrsek.github.io/Qualtrics_ImageFiltersStudy_Repo26/samples_ml_mdm/00151.txt,A,151A
https://ikrsek.github.io/Qualtrics_ImageFiltersStudy_Repo26/samples_ml_mdm/00152.png,https://ikrsek.github.io/Qualtrics_ImageFiltersStudy_Repo26/samples_ml_mdm/00152.txt,A,152A
https://ikrsek.github.io/Qualtrics_ImageFiltersStudy_Repo26/samples_ml_mdm/00153.png,https://ikrsek.github.io/Qualtrics_ImageFiltersStudy_Repo26/samples_ml_mdm/00153.txt,A,153A
https://ikrsek.github.io/Qualtrics_ImageFiltersStudy_Repo26/samples_ml_mdm/00154.png,https://ikrsek.github.io/Qualtrics_ImageFiltersStudy_Repo26/samples_ml_mdm/00154.txt,A,154A
https://ikrsek.github.io/Qualtrics_ImageFiltersStudy_Repo26/samples_ml_mdm/00155.png,https://ikrsek.github.io/Qualtrics_ImageFiltersStudy_Repo26/samples_ml_mdm/00155.txt,A,155A
https://ikrsek.github.io/Qualtrics_ImageFiltersStudy_Repo26/samples_ml_mdm/00156.png,https://ikrsek.github.io/Qualtrics_ImageFiltersStudy_Repo26/samples_ml_mdm/00156.txt,A,156A
https://ikrsek.github.io/Qualtrics_ImageFiltersStudy_Repo26/samples_ml_mdm/00157.png,https://ikrsek.github.io/Qualtrics_ImageFiltersStudy_Repo26/samples_ml_mdm/00157.txt,A,157A
https://ikrsek.github.io/Qualtrics_ImageFiltersStudy_Repo26/samples_ml_mdm/00158.png,https://ikrsek.github.io/Qualtrics_ImageFiltersStudy_Repo26/samples_ml_mdm/00158.txt,A,158A
https://ikrsek.github.io/Qualtrics_ImageFiltersStudy_Repo26/samples_ml_mdm/00159.png,https://ikrsek.github.io/Qualtrics_ImageFiltersStudy_Repo26/samples_ml_mdm/00159.txt,A,159A
https://ikrsek.github.io/Qualtrics_ImageFiltersStudy_Repo26/samples_ml_mdm/00160.png,https://ikrsek.github.io/Qualtrics_ImageFiltersStudy_Repo26/samples_ml_mdm/00160.txt,A,160A
https://ikrsek.github.io/Qualtrics_ImageFiltersStudy_Repo26/samples_ml_mdm/00161.png,https://ikrsek.github.io/Qualtrics_ImageFiltersStudy_Repo26/samples_ml_mdm/00161.txt,A,161A
https://ikrsek.github.io/Qualtrics_ImageFiltersStudy_Repo26/samples_ml_mdm/00162.png,https://ikrsek.github.io/Qualtrics_ImageFiltersStudy_Repo26/samples_ml_mdm/00162.txt,A,162A
https://ikrsek.github.io/Qualtrics_ImageFiltersStudy_Repo26/samples_ml_mdm/00163.png,https://ikrsek.github.io/Qualtrics_ImageFiltersStudy_Repo26/samples_ml_mdm/00163.txt,A,163A
https://ikrsek.github.io/Qualtrics_ImageFiltersStudy_Repo26/samples_ml_mdm/00164.png,https://ikrsek.github.io/Qualtrics_ImageFiltersStudy_Repo26/samples_ml_mdm/00164.txt,A,164A
https://ikrsek.github.io/Qualtrics_ImageFiltersStudy_Repo26/samples_ml_mdm/00165.png,https://ikrsek.github.io/Qualtrics_ImageFiltersStudy_Repo26/samples_ml_mdm/00165.txt,A,165A
https://ikrsek.github.io/Qualtrics_ImageFiltersStudy_Repo26/samples_ml_mdm/00166.png,https://ikrsek.github.io/Qualtrics_ImageFiltersStudy_Repo26/samples_ml_mdm/00166.txt,A,166A
https://ikrsek.github.io/Qualtrics_ImageFiltersStudy_Repo26/samples_ml_mdm/00167.png,https://ikrsek.github.io/Qualtrics_ImageFiltersStudy_Repo26/samples_ml_mdm/00167.txt,A,167A
https://ikrsek.github.io/Qualtrics_ImageFiltersStudy_Repo26/samples_ml_mdm/00168.png,https://ikrsek.github.io/Qualtrics_ImageFiltersStudy_Repo26/samples_ml_mdm/00168.txt,A,168A
https://ikrsek.github.io/Qualtrics_ImageFiltersStudy_Repo26/samples_ml_mdm/00169.png,https://ikrsek.github.io/Qualtrics_ImageFiltersStudy_Repo26/samples_ml_mdm/00169.txt,A,169A
https://ikrsek.github.io/Qualtrics_ImageFiltersStudy_Repo26/samples_ml_mdm/00170.png,https://ikrsek.github.io/Qualtrics_ImageFiltersStudy_Repo26/samples_ml_mdm/00170.txt,A,170A
https://ikrsek.github.io/Qualtrics_ImageFiltersStudy_Repo26/samples_ml_mdm/00171.png,https://ikrsek.github.io/Qualtrics_ImageFiltersStudy_Repo26/samples_ml_mdm/00171.txt,A,171A
https://ikrsek.github.io/Qualtrics_ImageFiltersStudy_Repo26/samples_ml_mdm/00172.png,https://ikrsek.github.io/Qualtrics_ImageFiltersStudy_Repo26/samples_ml_mdm/00172.txt,A,172A
https://ikrsek.github.io/Qualtrics_ImageFiltersStudy_Repo26/samples_ml_mdm/00173.png,https://ikrsek.github.io/Qualtrics_ImageFiltersStudy_Repo26/samples_ml_mdm/00173.txt,A,173A
https://ikrsek.github.io/Qualtrics_ImageFiltersStudy_Repo26/samples_ml_mdm/00174.png,https://ikrsek.github.io/Qualtrics_ImageFiltersStudy_Repo26/samples_ml_mdm/00174.txt,A,174A
https://ikrsek.github.io/Qualtrics_ImageFiltersStudy_Repo26/samples_ml_mdm/00175.png,https://ikrsek.github.io/Qualtrics_ImageFiltersStudy_Repo26/samples_ml_mdm/00175.txt,A,175A
https://ikrsek.github.io/Qualtrics_ImageFiltersStudy_Repo26/samples_ml_mdm/00176.png,https://ikrsek.github.io/Qualtrics_ImageFiltersStudy_Repo26/samples_ml_mdm/00176.txt,A,176A
https://ikrsek.github.io/Qualtrics_ImageFiltersStudy_Repo26/samples_ml_mdm/00177.png,https://ikrsek.github.io/Qualtrics_ImageFiltersStudy_Repo26/samples_ml_mdm/00177.txt,A,177A
https://ikrsek.github.io/Qualtrics_ImageFiltersStudy_Repo26/samples_ml_mdm/00178.png,https://ikrsek.github.io/Qualtrics_ImageFiltersStudy_Repo26/samples_ml_mdm/00178.txt,A,178A
https://ikrsek.github.io/Qualtrics_ImageFiltersStudy_Repo26/samples_ml_mdm/00179.png,https://ikrsek.github.io/Qualtrics_ImageFiltersStudy_Repo26/samples_ml_mdm/00179.txt,A,179A
https://ikrsek.github.io/Qualtrics_ImageFiltersStudy_Repo26/samples_ml_mdm/00180.png,https://ikrsek.github.io/Qualtrics_ImageFiltersStudy_Repo26/samples_ml_mdm/00180.txt,A,180A
https://ikrsek.github.io/Qualtrics_ImageFiltersStudy_Repo26/samples_ml_mdm/00181.png,https://ikrsek.github.io/Qualtrics_ImageFiltersStudy_Repo26/samples_ml_mdm/00181.txt,A,181A
https://ikrsek.github.io/Qualtrics_ImageFiltersStudy_Repo26/samples_ml_mdm/00182.png,https://ikrsek.github.io/Qualtrics_ImageFiltersStudy_Repo26/samples_ml_mdm/00182.txt,A,182A
https://ikrsek.github.io/Qualtrics_ImageFiltersStudy_Repo26/samples_ml_mdm/00183.png,https://ikrsek.github.io/Qualtrics_ImageFiltersStudy_Repo26/samples_ml_mdm/00183.txt,A,183A
https://ikrsek.github.io/Qualtrics_ImageFiltersStudy_Repo26/samples_ml_mdm/00184.png,https://ikrsek.github.io/Qualtrics_ImageFiltersStudy_Repo26/samples_ml_mdm/00184.txt,A,184A
https://ikrsek.github.io/Qualtrics_ImageFiltersStudy_Repo26/samples_ml_mdm/00185.png,https://ikrsek.github.io/Qualtrics_ImageFiltersStudy_Repo26/samples_ml_mdm/00185.txt,A,185A
https://ikrsek.github.io/Qualtrics_ImageFiltersStudy_Repo26/samples_ml_mdm/00186.png,https://ikrsek.github.io/Qualtrics_ImageFiltersStudy_Repo26/samples_ml_mdm/00186.txt,A,186A
https://ikrsek.github.io/Qualtrics_ImageFiltersStudy_Repo26/samples_ml_mdm/00187.png,https://ikrsek.github.io/Qualtrics_ImageFiltersStudy_Repo26/samples_ml_mdm/00187.txt,A,187A
https://ikrsek.github.io/Qualtrics_ImageFiltersStudy_Repo26/samples_ml_mdm/00188.png,https://ikrsek.github.io/Qualtrics_ImageFiltersStudy_Repo26/samples_ml_mdm/00188.txt,A,188A
https://ikrsek.github.io/Qualtrics_ImageFiltersStudy_Repo26/samples_ml_mdm/00189.png,https://ikrsek.github.io/Qualtrics_ImageFiltersStudy_Repo26/samples_ml_mdm/00189.txt,A,189A
https://ikrsek.github.io/Qualtrics_ImageFiltersStudy_Repo26/samples_ml_mdm/00190.png,https://ikrsek.github.io/Qualtrics_ImageFiltersStudy_Repo26/samples_ml_mdm/00190.txt,A,190A
https://ikrsek.github.io/Qualtrics_ImageFiltersStudy_Repo26/samples_ml_mdm/00191.png,https://ikrsek.github.io/Qualtrics_ImageFiltersStudy_Repo26/samples_ml_mdm/00191.txt,A,191A
https://ikrsek.github.io/Qualtrics_ImageFiltersStudy_Repo26/samples_ml_mdm/00192.png,https://ikrsek.github.io/Qualtrics_ImageFiltersStudy_Repo26/samples_ml_mdm/00192.txt,A,192A
https://ikrsek.github.io/Qualtrics_ImageFiltersStudy_Repo26/samples_ml_mdm/00193.png,https://ikrsek.github.io/Qualtrics_ImageFiltersStudy_Repo26/samples_ml_mdm/00193.txt,A,193A
https://ikrsek.github.io/Qualtrics_ImageFiltersStudy_Repo26/samples_ml_mdm/00194.png,https://ikrsek.github.io/Qualtrics_ImageFiltersStudy_Repo26/samples_ml_mdm/00194.txt,A,194A
https://ikrsek.github.io/Qualtrics_ImageFiltersStudy_Repo26/samples_ml_mdm/00195.png,https://ikrsek.github.io/Qualtrics_ImageFiltersStudy_Repo26/samples_ml_mdm/00195.txt,A,195A
https://ikrsek.github.io/Qualtrics_ImageFiltersStudy_Repo26/samples_ml_mdm/00196.png,https://ikrsek.github.io/Qualtrics_ImageFiltersStudy_Repo26/samples_ml_mdm/00196.txt,A,196A
https://ikrsek.github.io/Qualtrics_ImageFiltersStudy_Repo26/samples_ml_mdm/00197.png,https://ikrsek.github.io/Qualtrics_ImageFiltersStudy_Repo26/samples_ml_mdm/00197.txt,A,197A
https://ikrsek.github.io/Qualtrics_ImageFiltersStudy_Repo26/samples_ml_mdm/00198.png,https://ikrsek.github.io/Qualtrics_ImageFiltersStudy_Repo26/samples_ml_mdm/00198.txt,A,198A
https://ikrsek.github.io/Qualtrics_ImageFiltersStudy_Repo26/samples_ml_mdm/00199.png,https://ikrsek.github.io/Qualtrics_ImageFiltersStudy_Repo26/samples_ml_mdm/00199.txt,A,199A
https://ikrsek.github.io/Qualtrics_ImageFiltersStudy_Repo26/samples_ml_mdm/00200.png,https://ikrsek.github.io/Qualtrics_ImageFiltersStudy_Repo26/samples_ml_mdm/00200.txt,A,200A
https://ikrsek.github.io/Qualtrics_ImageFiltersStudy_Repo26/samples_ml_mdm/00201.png,https://ikrsek.github.io/Qualtrics_ImageFiltersStudy_Repo26/samples_ml_mdm/00201.txt,A,201A
https://ikrsek.github.io/Qualtrics_ImageFiltersStudy_Repo26/samples_ml_mdm/00202.png,https://ikrsek.github.io/Qualtrics_ImageFiltersStudy_Repo26/samples_ml_mdm/00202.txt,A,202A
https://ikrsek.github.io/Qualtrics_ImageFiltersStudy_Repo26/samples_ml_mdm/00203.png,https://ikrsek.github.io/Qualtrics_ImageFiltersStudy_Repo26/samples_ml_mdm/00203.txt,A,203A
https://ikrsek.github.io/Qualtrics_ImageFiltersStudy_Repo26/samples_ml_mdm/00204.png,https://ikrsek.github.io/Qualtrics_ImageFiltersStudy_Repo26/samples_ml_mdm/00204.txt,A,204A
https://ikrsek.github.io/Qualtrics_ImageFiltersStudy_Repo26/samples_ml_mdm/00205.png,https://ikrsek.github.io/Qualtrics_ImageFiltersStudy_Repo26/samples_ml_mdm/00205.txt,A,205A
https://ikrsek.github.io/Qualtrics_ImageFiltersStudy_Repo26/samples_ml_mdm/00206.png,https://ikrsek.github.io/Qualtrics_ImageFiltersStudy_Repo26/samples_ml_mdm/00206.txt,A,206A
https://ikrsek.github.io/Qualtrics_ImageFiltersStudy_Repo26/samples_ml_mdm/00207.png,https://ikrsek.github.io/Qualtrics_ImageFiltersStudy_Repo26/samples_ml_mdm/00207.txt,A,207A
https://ikrsek.github.io/Qualtrics_ImageFiltersStudy_Repo26/samples_ml_mdm/00208.png,https://ikrsek.github.io/Qualtrics_ImageFiltersStudy_Repo26/samples_ml_mdm/00208.txt,A,208A
https://ikrsek.github.io/Qualtrics_ImageFiltersStudy_Repo26/samples_ml_mdm/00209.png,https://ikrsek.github.io/Qualtrics_ImageFiltersStudy_Repo26/samples_ml_mdm/00209.txt,A,209A
https://ikrsek.github.io/Qualtrics_ImageFiltersStudy_Repo26/samples_ml_mdm/00210.png,https://ikrsek.github.io/Qualtrics_ImageFiltersStudy_Repo26/samples_ml_mdm/00210.txt,A,210A
https://ikrsek.github.io/Qualtrics_ImageFiltersStudy_Repo26/samples_ml_mdm/00211.png,https://ikrsek.github.io/Qualtrics_ImageFiltersStudy_Repo26/samples_ml_mdm/00211.txt,A,211A
https://ikrsek.github.io/Qualtrics_ImageFiltersStudy_Repo26/samples_ml_mdm/00212.png,https://ikrsek.github.io/Qualtrics_ImageFiltersStudy_Repo26/samples_ml_mdm/00212.txt,A,212A
https://ikrsek.github.io/Qualtrics_ImageFiltersStudy_Repo26/samples_ml_mdm/00213.png,https://ikrsek.github.io/Qualtrics_ImageFiltersStudy_Repo26/samples_ml_mdm/00213.txt,A,213A
https://ikrsek.github.io/Qualtrics_ImageFiltersStudy_Repo26/samples_ml_mdm/00214.png,https://ikrsek.github.io/Qualtrics_ImageFiltersStudy_Repo26/samples_ml_mdm/00214.txt,A,214A
https://ikrsek.github.io/Qualtrics_ImageFiltersStudy_Repo26/samples_ml_mdm/00215.png,https://ikrsek.github.io/Qualtrics_ImageFiltersStudy_Repo26/samples_ml_mdm/00215.txt,A,215A
https://ikrsek.github.io/Qualtrics_ImageFiltersStudy_Repo26/samples_ml_mdm/00216.png,https://ikrsek.github.io/Qualtrics_ImageFiltersStudy_Repo26/samples_ml_mdm/00216.txt,A,216A
https://ikrsek.github.io/Qualtrics_ImageFiltersStudy_Repo26/samples_ml_mdm/00217.png,https://ikrsek.github.io/Qualtrics_ImageFiltersStudy_Repo26/samples_ml_mdm/00217.txt,A,217A
https://ikrsek.github.io/Qualtrics_ImageFiltersStudy_Repo26/samples_ml_mdm/00218.png,https://ikrsek.github.io/Qualtrics_ImageFiltersStudy_Repo26/samples_ml_mdm/00218.txt,A,218A
https://ikrsek.github.io/Qualtrics_ImageFiltersStudy_Repo26/samples_ml_mdm/00219.png,https://ikrsek.github.io/Qualtrics_ImageFiltersStudy_Repo26/samples_ml_mdm/00219.txt,A,219A
https://ikrsek.github.io/Qualtrics_ImageFiltersStudy_Repo26/samples_ml_mdm/00220.png,https://ikrsek.github.io/Qualtrics_ImageFiltersStudy_Repo26/samples_ml_mdm/00220.txt,A,220A
https://ikrsek.github.io/Qualtrics_ImageFiltersStudy_Repo26/samples_ml_mdm/00221.png,https://ikrsek.github.io/Qualtrics_ImageFiltersStudy_Repo26/samples_ml_mdm/00221.txt,A,221A
https://ikrsek.github.io/Qualtrics_ImageFiltersStudy_Repo26/samples_ml_mdm/00222.png,https://ikrsek.github.io/Qualtrics_ImageFiltersStudy_Repo26/samples_ml_mdm/00222.txt,A,222A
https://ikrsek.github.io/Qualtrics_ImageFiltersStudy_Repo26/samples_ml_mdm/00223.png,https://ikrsek.github.io/Qualtrics_ImageFiltersStudy_Repo26/samples_ml_mdm/00223.txt,A,223A
https://ikrsek.github.io/Qualtrics_ImageFiltersStudy_Repo26/samples_ml_mdm/00224.png,https://ikrsek.github.io/Qualtrics_ImageFiltersStudy_Repo26/samples_ml_mdm/00224.txt,A,224A
https://ikrsek.github.io/Qualtrics_ImageFiltersStudy_Repo26/samples_ml_mdm/00225.png,https://ikrsek.github.io/Qualtrics_ImageFiltersStudy_Repo26/samples_ml_mdm/00225.txt,A,225A
https://ikrsek.github.io/Qualtrics_ImageFiltersStudy_Repo26/samples_ml_mdm/00226.png,https://ikrsek.github.io/Qualtrics_ImageFiltersStudy_Repo26/samples_ml_mdm/00226.txt,A,226A
https://ikrsek.github.io/Qualtrics_ImageFiltersStudy_Repo26/samples_ml_mdm/00227.png,https://ikrsek.github.io/Qualtrics_ImageFiltersStudy_Repo26/samples_ml_mdm/00227.txt,A,227A
https://ikrsek.github.io/Qualtrics_ImageFiltersStudy_Repo26/samples_ml_mdm/00228.png,https://ikrsek.github.io/Qualtrics_ImageFiltersStudy_Repo26/samples_ml_mdm/00228.txt,A,228A
https://ikrsek.github.io/Qualtrics_ImageFiltersStudy_Repo26/samples_ml_mdm/00229.png,https://ikrsek.github.io/Qualtrics_ImageFiltersStudy_Repo26/samples_ml_mdm/00229.txt,A,229A
https://ikrsek.github.io/Qualtrics_ImageFiltersStudy_Repo26/samples_ml_mdm/00230.png,https://ikrsek.github.io/Qualtrics_ImageFiltersStudy_Repo26/samples_ml_mdm/00230.txt,A,230A
https://ikrsek.github.io/Qualtrics_ImageFiltersStudy_Repo26/samples_ml_mdm/00231.png,https://ikrsek.github.io/Qualtrics_ImageFiltersStudy_Repo26/samples_ml_mdm/00231.txt,A,231A
https://ikrsek.github.io/Qualtrics_ImageFiltersStudy_Repo26/samples_ml_mdm/00232.png,https://ikrsek.github.io/Qualtrics_ImageFiltersStudy_Repo26/samples_ml_mdm/00232.txt,A,232A
https://ikrsek.github.io/Qualtrics_ImageFiltersStudy_Repo26/samples_ml_mdm/00233.png,https://ikrsek.github.io/Qualtrics_ImageFiltersStudy_Repo26/samples_ml_mdm/00233.txt,A,233A
https://ikrsek.github.io/Qualtrics_ImageFiltersStudy_Repo26/samples_ml_mdm/00234.png,https://ikrsek.github.io/Qualtrics_ImageFiltersStudy_Repo26/samples_ml_mdm/00234.txt,A,234A
https://ikrsek.github.io/Qualtrics_ImageFiltersStudy_Repo26/samples_ml_mdm/00235.png,https://ikrsek.github.io/Qualtrics_ImageFiltersStudy_Repo26/samples_ml_mdm/00235.txt,A,235A
https://ikrsek.github.io/Qualtrics_ImageFiltersStudy_Repo26/samples_ml_mdm/00236.png,https://ikrsek.github.io/Qualtrics_ImageFiltersStudy_Repo26/samples_ml_mdm/00236.txt,A,236A
https://ikrsek.github.io/Qualtrics_ImageFiltersStudy_Repo26/samples_ml_mdm/00237.png,https://ikrsek.github.io/Qualtrics_ImageFiltersStudy_Repo26/samples_ml_mdm/00237.txt,A,237A
https://ikrsek.github.io/Qualtrics_ImageFiltersStudy_Repo26/samples_ml_mdm/00238.png,https://ikrsek.github.io/Qualtrics_ImageFiltersStudy_Repo26/samples_ml_mdm/00238.txt,A,238A
https://ikrsek.github.io/Qualtrics_ImageFiltersStudy_Repo26/samples_ml_mdm/00239.png,https://ikrsek.github.io/Qualtrics_ImageFiltersStudy_Repo26/samples_ml_mdm/00239.txt,A,239A
https://ikrsek.github.io/Qualtrics_ImageFiltersStudy_Repo26/samples_ml_mdm/00240.png,https://ikrsek.github.io/Qualtrics_ImageFiltersStudy_Repo26/samples_ml_mdm/00240.txt,A,240A
https://ikrsek.github.io/Qualtrics_ImageFiltersStudy_Repo26/samples_ml_mdm/00241.png,https://ikrsek.github.io/Qualtrics_ImageFiltersStudy_Repo26/samples_ml_mdm/00241.txt,A,241A
https://ikrsek.github.io/Qualtrics_ImageFiltersStudy_Repo26/samples_ml_mdm/00242.png,https://ikrsek.github.io/Qualtrics_ImageFiltersStudy_Repo26/samples_ml_mdm/00242.txt,A,242A
https://ikrsek.github.io/Qualtrics_ImageFiltersStudy_Repo26/samples_ml_mdm/00243.png,https://ikrsek.github.io/Qualtrics_ImageFiltersStudy_Repo26/samples_ml_mdm/00243.txt,A,243A
https://ikrsek.github.io/Qualtrics_ImageFiltersStudy_Repo26/samples_ml_mdm/00244.png,https://ikrsek.github.io/Qualtrics_ImageFiltersStudy_Repo26/samples_ml_mdm/00244.txt,A,244A
https://ikrsek.github.io/Qualtrics_ImageFiltersStudy_Repo26/samples_ml_mdm/00245.png,https://ikrsek.github.io/Qualtrics_ImageFiltersStudy_Repo26/samples_ml_mdm/00245.txt,A,245A
https://ikrsek.github.io/Qualtrics_ImageFiltersStudy_Repo26/samples_ml_mdm/00246.png,https://ikrsek.github.io/Qualtrics_ImageFiltersStudy_Repo26/samples_ml_mdm/00246.txt,A,246A
https://ikrsek.github.io/Qualtrics_ImageFiltersStudy_Repo26/samples_ml_mdm/00247.png,https://ikrsek.github.io/Qualtrics_ImageFiltersStudy_Repo26/samples_ml_mdm/00247.txt,A,247A
https://ikrsek.github.io/Qualtrics_ImageFiltersStudy_Repo26/samples_ml_mdm/00248.png,https://ikrsek.github.io/Qualtrics_ImageFiltersStudy_Repo26/samples_ml_mdm/00248.txt,A,248A
https://ikrsek.github.io/Qualtrics_ImageFiltersStudy_Repo26/samples_ml_mdm/00249.png,https://ikrsek.github.io/Qualtrics_ImageFiltersStudy_Repo26/samples_ml_mdm/00249.txt,A,249A
https://ikrsek.github.io/Qualtrics_ImageFiltersStudy_Repo26/samples_ml_mdm/00250.png,https://ikrsek.github.io/Qualtrics_ImageFiltersStudy_Repo26/samples_ml_mdm/00250.txt,A,250A
https://ikrsek.github.io/Qualtrics_ImageFiltersStudy_Repo26/samples_ml_mdm/00251.png,https://ikrsek.github.io/Qualtrics_ImageFiltersStudy_Repo26/samples_ml_mdm/00251.txt,A,251A
https://ikrsek.github.io/Qualtrics_ImageFiltersStudy_Repo26/samples_ml_mdm/00252.png,https://ikrsek.github.io/Qualtrics_ImageFiltersStudy_Repo26/samples_ml_mdm/00252.txt,A,252A
https://ikrsek.github.io/Qualtrics_ImageFiltersStudy_Repo26/samples_ml_mdm/00253.png,https://ikrsek.github.io/Qualtrics_ImageFiltersStudy_Repo26/samples_ml_mdm/00253.txt,A,253A
https://ikrsek.github.io/Qualtrics_ImageFiltersStudy_Repo26/samples_ml_mdm/00254.png,https://ikrsek.github.io/Qualtrics_ImageFiltersStudy_Repo26/samples_ml_mdm/00254.txt,A,254A
https://ikrsek.github.io/Qualtrics_ImageFiltersStudy_Repo26/samples_ml_mdm/00255.png,https://ikrsek.github.io/Qualtrics_ImageFiltersStudy_Repo26/samples_ml_mdm/00255.txt,A,255A
https://ikrsek.github.io/Qualtrics_ImageFiltersStudy_Repo26/samples_ml_mdm/00256.png,https://ikrsek.github.io/Qualtrics_ImageFiltersStudy_Repo26/samples_ml_mdm/00256.txt,A,256A
https://ikrsek.github.io/Qualtrics_ImageFiltersStudy_Repo26/samples_ml_mdm/00257.png,https://ikrsek.github.io/Qualtrics_ImageFiltersStudy_Repo26/samples_ml_mdm/00257.txt,A,257A
https://ikrsek.github.io/Qualtrics_ImageFiltersStudy_Repo26/samples_ml_mdm/00258.png,https://ikrsek.github.io/Qualtrics_ImageFiltersStudy_Repo26/samples_ml_mdm/00258.txt,A,258A
https://ikrsek.github.io/Qualtrics_ImageFiltersStudy_Repo26/samples_ml_mdm/00259.png,https://ikrsek.github.io/Qualtrics_ImageFiltersStudy_Repo26/samples_ml_mdm/00259.txt,A,259A
https://ikrsek.github.io/Qualtrics_ImageFiltersStudy_Repo26/samples_ml_mdm/00260.png,https://ikrsek.github.io/Qualtrics_ImageFiltersStudy_Repo26/samples_ml_mdm/00260.txt,A,260A
https://ikrsek.github.io/Qualtrics_ImageFiltersStudy_Repo26/samples_ml_mdm/00261.png,https://ikrsek.github.io/Qualtrics_ImageFiltersStudy_Repo26/samples_ml_mdm/00261.txt,A,261A
https://ikrsek.github.io/Qualtrics_ImageFiltersStudy_Repo26/samples_ml_mdm/00262.png,https://ikrsek.github.io/Qualtrics_ImageFiltersStudy_Repo26/samples_ml_mdm/00262.txt,A,262A
https://ikrsek.github.io/Qualtrics_ImageFiltersStudy_Repo26/samples_ml_mdm/00263.png,https://ikrsek.github.io/Qualtrics_ImageFiltersStudy_Repo26/samples_ml_mdm/00263.txt,A,263A
https://ikrsek.github.io/Qualtrics_ImageFiltersStudy_Repo26/samples_ml_mdm/00264.png,https://ikrsek.github.io/Qualtrics_ImageFiltersStudy_Repo26/samples_ml_mdm/00264.txt,A,264A
https://ikrsek.github.io/Qualtrics_ImageFiltersStudy_Repo26/samples_ml_mdm/00265.png,https://ikrsek.github.io/Qualtrics_ImageFiltersStudy_Repo26/samples_ml_mdm/00265.txt,A,265A
https://ikrsek.github.io/Qualtrics_ImageFiltersStudy_Repo26/samples_ml_mdm/00266.png,https://ikrsek.github.io/Qualtrics_ImageFiltersStudy_Repo26/samples_ml_mdm/00266.txt,A,266A
https://ikrsek.github.io/Qualtrics_ImageFiltersStudy_Repo26/samples_ml_mdm/00267.png,https://ikrsek.github.io/Qualtrics_ImageFiltersStudy_Repo26/samples_ml_mdm/00267.txt,A,267A
https://ikrsek.github.io/Qualtrics_ImageFiltersStudy_Repo26/samples_ml_mdm/00268.png,https://ikrsek.github.io/Qualtrics_ImageFiltersStudy_Repo26/samples_ml_mdm/00268.txt,A,268A
https://ikrsek.github.io/Qualtrics_ImageFiltersStudy_Repo26/samples_ml_mdm/00269.png,https://ikrsek.github.io/Qualtrics_ImageFiltersStudy_Repo26/samples_ml_mdm/00269.txt,A,269A
https://ikrsek.github.io/Qualtrics_ImageFiltersStudy_Repo26/samples_ml_mdm/00270.png,https://ikrsek.github.io/Qualtrics_ImageFiltersStudy_Repo26/samples_ml_mdm/00270.txt,A,270A
https://ikrsek.github.io/Qualtrics_ImageFiltersStudy_Repo26/samples_ml_mdm/00271.png,https://ikrsek.github.io/Qualtrics_ImageFiltersStudy_Repo26/samples_ml_mdm/00271.txt,A,271A
https://ikrsek.github.io/Qualtrics_ImageFiltersStudy_Repo26/samples_ml_mdm/00272.png,https://ikrsek.github.io/Qualtrics_ImageFiltersStudy_Repo26/samples_ml_mdm/00272.txt,A,272A